id,height,latitude,longitude,name,Bundesland
3,202,50.7827,6.0941,Aachen,Nordrhein-Westfalen
5,190,50.8167,6.1833,Aachen-Merzbr¸ck,Nordrhein-Westfalen
44,44,52.9336,8.237,Groﬂenkneten,Niedersachsen
71,759,48.2156,8.9784,Albstadt-Badkap,Baden-W¸rttemberg
73,340,48.6159,13.0506,Aldersbach-Kriestorf,Bayern
78,65,52.4853,7.9126,Alfhausen,Niedersachsen
91,300,50.7446,9.345,Alsfeld-Eifa,Hessen
96,50,52.9437,12.8518,Neuruppin-Alt,Ruppin
98,780,51.189,8.4671,Altastenberg,Nordrhein-Westfalen
102,32,53.8633,8.1275,Leuchtturm,Alte
125,742,47.8342,10.8667,Altenstadt,Bayern
131,296,51.0881,12.9326,Geringswalde-Altgeringswalde,Sachsen
142,511,48.406,11.3117,Altom¸nster-Maisbrunn,Bayern
150,215,49.7273,8.1164,Alzey,Rheinland-Pfalz
151,382,49.4691,11.8546,Amberg-Unterammersricht,Bayern
154,516,48.0197,12.2925,Amerang-Pfaffing,Bayern
161,75,50.4237,7.4202,Andernach,Rheinland-Pfalz
164,54,53.0316,13.9908,Angerm¸nde,Brandenburg
167,11,53.8408,13.6854,Anklam,Mecklenburg-Vorpommern
175,413,49.2964,10.5751,Ansbach,Bayern
183,42,54.6791,13.4344,Arkona,Mecklenburg-Vorpommern
191,217,49.9694,9.9114,Arnstein-M¸desheim,Bayern
198,164,51.3744,11.292,Artern,Th¸ringen
217,670,47.8774,11.3643,Attenkam,Bayern
222,393,50.5908,12.7139,Aue,Sachsen
232,462,48.4253,10.9417,Augsburg,Bayern
257,240,48.727,8.2457,Baden-Baden-Geroldsau,Baden-W¸rttemberg
258,124,48.8,8.1833,Baden-Oos,Baden-W¸rttemberg
259,275,47.8064,7.6387,M¸llheim,Baden-W¸rttemberg
282,240,49.8743,10.9206,Bamberg,Bayern
294,110,52.3199,9.43,Barsinghausen-Hohenbostel,Niedersachsen
298,3,54.3405,12.7108,Barth,Mecklenburg-Vorpommern
303,55,52.0613,13.4997,Baruth,Brandenburg
305,53,53.7333,12.9333,Basepohl,Mecklenburg-Vorpommern
314,234,51.1604,14.5042,"Kubsch¸tz,",Kr.
320,350,49.9666,11.5198,Heinersreuth-Vollhof,Bayern
326,120,51.7204,8.0577,Beckum-Unterberg,Nordrhein-Westfalen
330,455,49.5617,8.9673,Oberzent-Beerfelden,Hessen
342,103,52.317,8.1694,Belm,Niedersachsen
348,127,50.4135,7.5886,Bendorf,Rheinland-Pfalz
361,550,47.6344,13.0109,Berchtesgaden,(KKst)
368,69,52.8152,9.9248,Bergen,Niedersachsen
377,210,49.107,7.9967,"Bergzabern,",Bad
379,304,50.9075,11.2665,"Berka,",Bad
390,610,50.9837,8.3683,"Berleburg,",Bad-St¸nzel
399,36,52.5198,13.4057,Berlin-Alexanderplatz,Berlin
400,60,52.631,13.5021,Berlin-Buch,Berlin
403,51,52.4537,13.3017,Berlin-Dahlem,(FU)
410,33,52.404,13.7309,Berlin-Kaniswall,Berlin
420,61,52.5447,13.5598,Berlin-Marzahn,Berlin
427,46,52.3807,13.5306,Berlin,Brandenburg
430,36,52.5644,13.3088,Berlin-Tegel,Berlin
433,48,52.4675,13.4021,Berlin-Tempelhof,Berlin
445,85,51.8218,11.711,Bernburg/Saale,(Nord)
450,120,49.9186,7.0664,Bernkastel-Kues,Rheinland-Pfalz
460,363,49.2641,6.6868,Berus,Saarland
535,417,50.0372,7.3079,Blankenrath,Rheinland-Pfalz
553,25,51.838,6.6107,Bocholt,(Marienschule)
554,23,51.8293,6.5365,Bocholt-Liedern,(Wasserwerk)
555,101,51.4789,7.2697,Bochum,Nordrhein-Westfalen
591,45,53.3911,10.6878,Boizenburg,Mecklenburg-Vorpommern
596,15,54.0027,11.1908,Boltenhagen,Mecklenburg-Vorpommern
599,62,50.7055,7.1467,Bonn-Friesdorf,Nordrhein-Westfalen
601,158,50.6983,7.0356,Bonn-Hardthˆhe,Nordrhein-Westfalen
603,147,50.7293,7.204,Kˆnigswinter-Heiderhof,Nordrhein-Westfalen
617,47,51.873,6.8863,Borken,in
620,6,53.8,6.3667,Borkumriff,Hamburg
649,31,52.4333,12.45,Brandenburg-Briest,Brandenburg
656,607,51.7234,10.6021,Braunlage,Niedersachsen
662,81,52.2915,10.4464,Braunschweig,Niedersachsen
685,585,49.9017,9.4281,Breitsol,Bayern
691,4,53.0451,8.7981,Bremen,Bremen
701,7,53.5332,8.5761,Bremerhaven,Bremen
704,11,53.4451,9.139,Bremervˆrde,Niedersachsen
706,234,47.8858,7.6611,Eschbach,Baden-W¸rttemberg
722,1135,51.7986,10.6183,Brocken,Sachsen-Anhalt
743,73,51.2,6.1333,Br¸ggen,(Flugplatz)
755,340,49.5182,9.3213,"Buchen,",Kr.
757,445,47.9625,7.9983,Buchenbach,Baden-W¸rttemberg
760,82,53.3629,9.9435,Rosengarten-Klecken,Niedersachsen
766,477,50.1745,7.0595,B¸chel,(Flugplatz)
769,68,52.2817,9.089,B¸ckeburg,Niedersachsen
785,1,54.1333,8.8667,B¸sum,(A)
817,293,51.0306,8.8146,Burgwald-Bottendorf,Hessen
832,48,50.9833,6.9,Butzweilerhof,Nordrhein-Westfalen
840,895,50.4313,12.6114,Carlsfeld,Sachsen
850,45,52.5959,10.0296,Celle,Niedersachsen
853,416,50.7913,12.872,Chemnitz,Sachsen
856,551,47.8843,12.5404,Chieming,Bayern
863,585,51.7904,10.347,Clausthal-Zellerfeld,Niedersachsen
867,344,50.3066,10.9679,Lautertal-Oberlauter,Bayern
876,314,51.304,13.0096,Collmberg,Sachsen
879,68,51.7667,14.2833,Cottbus,(Flugplatz)
880,69,51.7759,14.3168,Cottbus,Brandenburg
891,5,53.8713,8.7058,Cuxhaven,Niedersachsen
896,170,51.0778,10.8619,Dachwig,Th¸ringen
906,8,54.2023,11.0914,Dahmeshˆved,Schleswig-Holstein
917,162,49.8809,8.6779,Darmstadt,Hessen
920,108,49.8564,8.5929,Darmstadt,(US-Air-Base)
950,194,51.95,8.9,Detmold,Nordrhein-Westfalen
953,481,49.7619,7.0542,Deuselbach,Rheinland-Pfalz
954,0,54.1796,7.4587,UFS,Deutsche
963,38,52.5881,8.3424,Diepholz,Niedersachsen
979,314,50.7364,8.2672,Dillenburg,Hessen
983,419,48.5562,10.5599,Dillingen/Donau-Fristingen,Bayern
991,359,50.9116,13.7087,Dippoldiswalde-Reinberg,Sachsen
1001,97,51.6451,13.5747,Doberlug-Kirchhain,Brandenburg
1048,228,51.1278,13.7543,Dresden-Klotzsche,Sachsen
1050,112,51.0221,13.847,Dresden-Hosterwitz,Sachsen
1051,119,51.0249,13.7751,Dresden-Strehlen,Sachsen
1052,80,52.2174,12.1641,Drewitz,bei
1072,107,49.4719,8.1929,"D¸rkheim,",Bad
1078,37,51.296,6.7686,D¸sseldorf,Nordrhein-Westfalen
1103,592,48.1003,11.9872,Ebersberg-Halbing,Bayern
1107,346,49.852,10.4991,Ebrach,Bayern
1130,17,54.6282,9.3649,Eggebek,Schleswig-Holstein
1131,430,51.831,8.9506,Eggegebirge,Nordrhein-Westfalen
1161,384,48.8777,11.2349,Eichst‰tt-Landershofen,Bayern
1164,572,50.6532,6.2808,Eifel,Nordrhein-Westfalen
1185,0,54,8.1167,UFS,Elbe
1197,460,48.9895,10.1312,Ellwangen-Rindelbach,Baden-W¸rttemberg
1200,3,54.0691,9.0105,Elpersb¸ttel,Schleswig-Holstein
1207,558,50.2705,12.2742,"Elster,",Bad-Sohl
1214,431,48.2012,8.1088,Elzach-Fisnacht,Baden-W¸rttemberg
1219,5,53.3449,7.1909,Emden-Nesserland,Niedersachsen
1224,201,48.1378,7.8351,Emmendingen-Mundingen,Baden-W¸rttemberg
1228,0,54.1651,6.346,UFS,TW
1239,540,47.8516,8.7673,Engen/Hegau,Baden-W¸rttemberg
1246,104,51.8418,8.0607,Ennigerloh-Ostenfelde,Nordrhein-Westfalen
1255,226,49.1661,8.8483,Eppingen-Elsenz,Baden-W¸rttemberg
1260,816,49.7297,7.0897,Erbeskopf,Rheinland-Pfalz
1261,460,48.3192,11.944,Erding,Bayern
1262,446,48.3477,11.8134,M¸nchen-Flughafen,Bayern
1266,18,54.2992,9.3162,Erfde,Schleswig-Holstein
1270,316,50.9829,10.9608,Erfurt-Weimar,Th¸ringen
1279,268,49.6497,11.0075,Mˆhrendorf-Kleinseebach,Bayern
1297,156,51.2041,10.0138,Eschwege,Hessen
1300,351,51.254,8.1565,Eslohe,Nordrhein-Westfalen
1303,150,51.4041,6.9677,Essen-Bredeney,Nordrhein-Westfalen
1327,147,50.7119,6.7905,Weilerswist-Lommersum,Nordrhein-Westfalen
1332,471,48.4832,12.7241,"Falkenberg,Kr.Rottal-Inn",Bayern
1339,76,52.9157,10.1885,Faﬂberg,Niedersachsen
1341,0,54.6,11.15,Fehmarnbelt,Schleswig-Holstein
1346,1490,47.8749,8.0038,Feldberg/Schwarzwald,Baden-W¸rttemberg
1355,5,53.9167,7.8333,FES,Weser
1357,655,49.9807,11.8376,Fichtelberg/Oberfranken-H¸ttstadl,Bayern
1358,1213,50.4283,12.9536,Fichtelberg,Sachsen
1402,28,54.7,7.1667,Forschungsplattform,Nordsee
1411,747,50.5309,10.0479,Birx/Rhˆn,Th¸ringen
1420,100,50.0259,8.5213,Frankfurt/Main,Hessen
1424,124,50.1269,8.6694,Frankfurt/Main-Westend,Hessen
1426,65,52.3397,14.508,Frankfurt/Oder,Brandenburg
1443,237,48.0232,7.8343,Freiburg,Baden-W¸rttemberg
1451,2,53.8277,9.2493,Freiburg/Elbe,Niedersachsen
1468,797,48.4538,8.409,Freudenstadt,Baden-W¸rttemberg
1473,414,49.1869,11.308,Freystadt-Michelbach,Bayern
1490,394,47.6454,9.4795,Friedrichshafen,Baden-W¸rttemberg
1503,6,53.0643,7.902,Friesoythe-Altenoythe,Niedersachsen
1504,174,51.119,9.2799,Fritzlar,(Flugplatz)
1515,519,48.2,11.2667,F¸rstenfeldbruck,Bayern
1526,242,50.5668,9.6532,Fulda-Horas,Hessen
1544,47,52.5129,11.3942,Gardelegen,Sachsen-Anhalt
1550,719,47.483,11.0621,Garmisch-Partenkirchen,Bayern
1572,80,50.9593,6.0392,Geilenkirchen,(Flugplatz)
1580,111,49.9859,7.9548,Geisenheim,Hessen
1584,673,47.9242,8.6474,Geisingen,Baden-W¸rttemberg
1587,536,48.9481,11.4289,Gelbelsee,Bayern
1590,37,51.4942,6.2463,Geldern-Walbeck,Nordrhein-Westfalen
1602,177,48.433,7.993,Ohlsbach,Baden-W¸rttemberg
1605,35,52.3875,12.1602,Genthin,Sachsen-Anhalt
1612,311,50.8812,12.1289,Gera-Leumnitz,Th¸ringen
1639,203,50.6017,8.6439,Gieﬂen/Wettenberg,Hessen
1645,340,50.9656,9.05,Gilserberg-Moischeid,Hessen
1666,12,54.8273,9.5058,Gl¸cksburg-Meierwik,Schleswig-Holstein
1684,239,51.1621,14.9506,Gˆrlitz,Sachsen
1691,167,51.5002,9.9507,Gˆttingen,Niedersachsen
1694,58,53.6058,12.1034,Goldberg,Mecklenburg-Vorpommern
1721,506,49.664,11.2239,Gr‰fenberg-Kasberg,Bayern
1735,628,48.7894,13.629,Grainet-Rehberg,Bayern
1736,27,53.5731,10.6797,Grambek,Schleswig-Holstein
1757,2,54.0967,13.4056,Greifswald,Mecklenburg-Vorpommern
1759,12,54.2437,13.9102,Greifswalder,Oie
1766,48,52.1344,7.6969,M¸nster/Osnabr¸ck,Nordrhein-Westfalen
1792,27,52.7553,7.4815,Groﬂ,Berﬂen
1803,34,54.0714,12.3238,Groﬂ,L¸sewitz
1832,1436,49.1129,13.1338,Groﬂer,Arber
1833,1307,49.0851,13.2801,Grosser,Falkenstein
1863,258,50.2667,9.1854,Gr¸ndau-Breitenborn,Hessen
1869,56,53.3154,13.9339,Gr¸now,Brandenburg
1886,444,48.4878,10.2608,G¸nzburg,Bayern
1892,72,51.9298,8.3005,G¸tersloh,(Flugplatz)
1957,93,51.5138,11.9499,Halle-Krˆllwitz,Sachsen-Anhalt
1964,328,49.9445,6.3821,Olsdorf,Rheinland-Pfalz
1975,11,53.6332,9.9881,Hamburg-Fuhlsb¸ttel,Hamburg
1981,3,53.4777,9.8957,Hamburg-Neuwiedenthal,Hamburg
2014,55,52.4644,9.6779,Hannover,Niedersachsen
2023,501,48.7918,10.7062,Harburg,Bayern
2039,201,51.9002,10.5699,"Harzburg,",Bad
2044,404,51.652,11.1366,Harzgerode,Sachsen-Anhalt
2074,518,48.3752,8.98,Hechingen,Baden-W¸rttemberg
2080,110,49.4206,8.6676,Heidelberg,Baden-W¸rttemberg
2088,522,48.6849,10.142,Heidenheim/Brenz,Baden-W¸rttemberg
2110,57,51.0411,6.1042,Heinsberg-Schleiden,Nordrhein-Westfalen
2115,4,54.175,7.892,Helgoland,Schleswig-Holstein
2167,302,49.7672,7.3356,Niederwˆrresbach,Rheinland-Pfalz
2170,526,50.1499,6.5527,Weiﬂenseifen,Rheinland-Pfalz
2171,272,50.852,9.7377,"Hersfeld,",Bad
2174,238,51.6255,10.3695,Herzberg,Niedersachsen
2201,1,54.575,13.1044,Hiddensee-Vitte,Mecklenburg-Vorpommern
2211,295,50.737,7.6525,Hilgenroth,Rheinland-Pfalz
2252,271,50.8992,14.7456,Bertsdorf-Hˆrnitz,Sachsen
2261,565,50.3123,11.876,Hof,Bayern
2290,977,47.8009,11.0108,Hohenpeiﬂenberg,Bayern
2303,10,54.3162,9.5385,Hohn,Schleswig-Holstein
2306,8,54.3194,10.6732,Hohwacht,Schleswig-Holstein
2315,80,51.7657,13.1666,Holzdorf,(Flugplatz)
2319,685,47.8823,11.6961,Holzkirchen,Bayern
2323,110,51.8529,9.4953,"Bevern,",Kr.
2338,39,52.3333,7.55,Hopsten,(Flugplatz)
2362,328,50.5651,7.4843,H¸mmerich,Rheinland-Pfalz
2374,3,54.4752,9.0564,Husum,Schleswig-Holstein
2385,376,49.6927,7.3263,Idar-Oberstein,Rheinland-Pfalz
2410,364,48.7111,11.5363,Ingolstadt,(Flugplatz)
2429,21,53.9897,9.5696,Itzehoe,Schleswig-Holstein
2437,21,54.457,9.5203,Schleswig-Jagel,Schleswig-Holstein
2444,155,50.9251,11.583,Jena,(Sternwarte)
2456,7,53.5322,7.8806,Jever,Niedersachsen
2480,108,50.0643,8.993,Kahl/Main,Bayern
2483,839,51.1803,8.4891,Kahler,Asten
2485,489,48.917,9.6871,Kaisersbach-Cronh¸tte,Baden-W¸rttemberg
2486,271,49.4262,7.7557,Kaiserslautern,Rheinland-Pfalz
2494,31,51.7329,6.2688,Kalkar,Nordrhein-Westfalen
2497,505,50.5014,6.5264,Kall-Sistig,Nordrhein-Westfalen
2503,487,50.6266,10.1455,Kaltennordheim,Th¸ringen
2522,112,49.0382,8.3641,Karlsruhe,Baden-W¸rttemberg
2532,231,51.2963,9.4424,Kassel,Hessen
2542,716,47.8652,10.6007,Kaufbeuren,Bayern
2559,705,47.7233,10.3348,Kempten,Bayern
2564,28,54.3776,10.1424,Kiel-Holtenau,Schleswig-Holstein
2565,17,54.3378,10.0929,Kiel-Kronshagen,Schleswig-Holstein
2575,432,49.1804,9.98,Kirchberg/Jagst-Herboldshausen,Baden-W¸rttemberg
2578,14,53.9995,11.4341,Kirchdorf/Poel,Mecklenburg-Vorpommern
2597,282,50.224,10.0792,"Kissingen,",Bad
2600,193,49.7363,10.1781,Kitzingen,Bayern
2601,822,50.2218,8.4469,Kleiner,Feldberg/Taunus
2618,732,50.8458,10.4803,Kleiner,Inselsberg
2627,128,51.5554,13.8845,Schipkau-Klettwitz,Brandenburg
2629,46,51.7612,6.0954,Kleve,Nordrhein-Westfalen
2638,974,48.1054,8.7548,Klippeneck,Baden-W¸rttemberg
2641,90,51.5185,12.9065,Klitzschen,bei
2656,96,50.3519,7.5906,Koblenz,Rheinland-Pfalz
2667,92,50.8646,7.1575,Kˆln-Bonn,Nordrhein-Westfalen
2680,289,50.284,10.4456,"Kˆnigshofen,",Bad
2700,416,48.8302,11.4872,Kˆsching,Bayern
2703,496,51.855,9.3239,Kˆterberg,Nordrhein-Westfalen
2704,76,51.7511,12.0094,Kˆthen,(Anhalt)
2708,742,47.6652,11.0805,"Kohlgrub,",Bad
2712,428,47.6952,9.1307,Konstanz,Baden-W¸rttemberg
2750,310,50.2524,11.3209,Kronach,Bayern
2773,415,49.4283,11.9016,K¸mmersbruck,Bayern
2794,40,52.9362,12.4093,Kyritz,Brandenburg
2796,41,53.9156,12.279,Laage,(Flugplatz)
2798,32,51.6,6.15,Laarbruch,Nordrhein-Westfalen
2812,156,48.3647,7.828,Lahr,Baden-W¸rttemberg
2814,687,48.5122,9.7644,Merklingen,Baden-W¸rttemberg
2829,621,48.0772,10.9144,Landsberg,(Flugplatz)
2843,125,50.0075,8.6547,Langen,(BZ)
2856,91,51.9173,13.0878,Langenlipsdorf,Brandenburg
2878,117,51.3909,11.8786,"Lauchst‰dt,",Bad
2886,539,48.2175,9.9097,Laupheim,Baden-W¸rttemberg
2905,550,48.1849,10.8507,Lechfeld,Bayern
2907,7,54.7903,8.9514,Leck,Schleswig-Holstein
2925,356,51.3932,10.3123,Leinefelde,Th¸ringen
2928,138,51.3151,12.4462,Leipzig-Holzhausen,Sachsen
2932,131,51.4347,12.2396,Leipzig/Halle,Sachsen
2947,286,51.1333,8.0348,Lennestadt-Theten,Nordrhein-Westfalen
2951,20,53.1007,11.4864,Lenzen/Elbe,Brandenburg
2953,854,47.8597,8.2308,Lenzkirch-Ruhb¸hl,Baden-W¸rttemberg
2961,31,54.4996,10.2737,Leuchtturm,Kiel
2968,43,50.9894,6.9777,Kˆln-Stammheim,Nordrhein-Westfalen
2985,321,50.9383,14.2094,Lichtenhain-Mittelndorf,Sachsen
3015,98,52.2085,14.118,Lindenberg,Brandenburg
3023,22,52.5181,7.3081,Lingen,Niedersachsen
3028,157,51.7854,8.8388,"Lippspringe,",Bad
3031,92,51.6336,8.3945,Lippstadt-Bˆkenfˆrde,Nordrhein-Westfalen
3032,25,55.011,8.4125,List,auf
3034,496,50.4505,11.635,"Lobenstein,",Bad
3042,230,50.5617,8.2386,Lˆhnberg-Obershausen,Hessen
3044,22,52.7198,7.7472,Lˆningen,Niedersachsen
3083,57,51.9267,13.8797,L¸bben-Blumenfelde,Brandenburg
3085,15,53.8773,10.6915,L¸beck,Schleswig-Holstein
3086,15,53.8025,10.6989,L¸beck-Blankensee,Schleswig-Holstein
3093,16,52.9724,11.1374,L¸chow,Niedersachsen
3097,421,51.2,7.6333,L¸denscheid,(Flugplatz)
3098,387,51.2452,7.6425,L¸denscheid,Nordrhein-Westfalen
3126,79,52.1029,11.5827,Magdeburg,Sachsen-Anhalt
3137,195,49.9656,8.2139,Mainz-Lerchenberg,(ZDF)
3147,390,48.7548,12.2118,Mallersdorf-Pfaffenberg-Oberlindhart,Bayern
3155,413,50.1015,6.8009,Manderscheid-Sonnenhof,Rheinland-Pfalz
3158,12,52.5468,14.5453,Manschnow,Brandenburg
3164,187,50.8492,8.7745,"Cˆlbe,",Kr.
3166,639,50.6511,13.1469,Marienberg,Sachsen
3167,547,50.6621,7.9603,"Marienberg,",Bad
3170,9,54.4937,11.2411,Marienleuchte,Schleswig-Holstein
3175,504,50.5219,12.8282,Raschau,Sachsen
3181,360,49.4875,10.6277,Markt,Erlbach-Hagenhofen
3196,81,53.3222,11.9321,Marnitz,Mecklenburg-Vorpommern
3204,429,50.7335,10.8815,Martinroda,Th¸ringen
3226,107,51.7259,11.5109,Aschersleben-Mehringen,Sachsen-Anhalt
3231,450,50.5611,10.3771,Meiningen,Th¸ringen
3234,158,51.1294,13.4328,Garsebach,bei
3244,614,47.9821,10.1384,Memmingen,Bayern
3245,630,47.9833,10.2333,Memmingen,(Flugplatz)
3246,181,50.3667,7.3167,Mendig,Rheinland-Pfalz
3254,19,52.7155,7.3176,Meppen,Niedersachsen
3257,251,49.4773,9.7622,"Mergentheim,",Bad-Neunkirchen
3268,900,48.1694,8.9433,Meﬂstetten-Appental,Baden-W¸rttemberg
3271,314,48.8548,12.9189,Metten,Bayern
3278,354,48.5377,9.2734,Metzingen,Baden-W¸rttemberg
3284,240,49.6692,9.0085,Michelstadt,Hessen
3287,453,49.7177,9.0997,Michelstadt-Vielbrunn,Hessen
3289,356,50.7281,11.7838,Schmieritz-Weltwitz,Th¸ringen
3307,984,47.4779,11.2653,Mittenwald-Buckelwiesen,Bayern
3319,239,49.7644,9.253,Rˆllbach,Bayern
3340,265,50.4383,7.8061,Montabaur,Rheinland-Pfalz
3348,240,51.7209,9.8352,Moringen-Lutterbeck,Niedersachsen
3362,243,48.9721,8.8735,M¸hlacker,Baden-W¸rttemberg
3366,406,48.279,12.5024,M¸hldorf,Bayern
3376,63,52.5176,14.1232,M¸ncheberg,Brandenburg
3379,515,48.1632,11.5429,M¸nchen-Stadt,Bayern
3390,529,48.1369,11.7094,M¸nchen-Riem,Bayern
3402,755,48.3851,9.4837,M¸nsingen-Apfelstetten,Baden-W¸rttemberg
3404,62,51.9494,7.5906,M¸nster,Nordrhein-Westfalen
3426,127,51.566,14.7008,"Muskau,",Bad
3442,149,50.3574,8.7506,"Nauheim,",Bad
3478,81,53.5468,13.1914,Neubrandenburg,Mecklenburg-Vorpommern
3484,380,48.7085,11.2147,Neuburg/Donau,(Flugplatz)
3485,486,48.3115,10.3773,Neuburg/Kammel-Langenhaslach,Bayern
3490,111,50.5346,7.0853,"Neuenahr,",Bad-Ahrweiler
3509,78,53.102,13.0421,Menz,Brandenburg
3513,845,50.5003,11.1345,Neuhaus,am
3518,793,47.976,8.9101,Neuhausen,ob
3527,500,50.8923,9.405,Neukirchen-Hauptschwenda,Hessen
3538,20,54.0833,9.9333,Neum¸nster-Wasbek,Schleswig-Holstein
3540,195,50.8446,7.372,Neunkirchen-Seelscheid-Krawinkel,Nordrhein-Westfalen
3545,236,49.344,7.2297,Neunkirchen-Wellesweiler,Saarland
3552,38,52.9037,12.8072,Neuruppin,Brandenburg
3571,452,49.8174,11.8638,Neustadt,am
3575,163,49.357,8.1405,Neustadt/Weinstraﬂe,Rheinland-Pfalz
3591,350,50.6743,6.424,Nideggen-Schmidt,Nordrhein-Westfalen
3603,459,49.3895,9.9666,Niederstetten,Baden-W¸rttemberg
3612,25,52.6711,9.2229,Nienburg,Niedersachsen
3621,435,48.8253,10.5067,Reimlingen,Bayern
3623,110,50.8294,6.6601,Nˆrvenich,(Flugplatz)
3631,12,53.7123,7.1519,Norderney,Niedersachsen
3639,26,53.7647,8.6584,Nordholz,(Flugplatz)
3659,627,50.3391,6.9501,N¸rburg,Rheinland-Pfalz
3660,485,50.3602,6.8697,N¸rburg-Barweiler,Rheinland-Pfalz
3667,369,49.4258,11.2539,N¸rnberg-Netzstall,Bayern
3668,314,49.503,11.0549,N¸rnberg,Bayern
3679,518,47.6187,12.1665,Kiefersfelden-Gach,Bayern
3730,806,47.3984,10.2759,Oberstdorf,Bayern
3734,230,49.128,9.3525,Obersulm-Willsbach,Baden-W¸rttemberg
3735,455,48.2635,12.276,Obertaufkirchen,Bayern
3739,596,49.4521,12.4365,Oberviechtach,Bayern
3761,276,49.207,9.5176,÷hringen,Baden-W¸rttemberg
3775,100,50.1029,8.7468,Offenbach/Main,(Zentrallabor)
3791,11,53.1763,8.1824,Oldenburg,Niedersachsen
3811,150,51.296,13.0928,Oschatz,Sachsen
3815,95,52.2553,8.0534,Osnabr¸ck,Niedersachsen
3821,246,51.0873,11.9293,Osterfeld,Sachsen-Anhalt
3836,314,50.4538,10.2211,Ostheim,v.d.
3857,886,47.6362,10.3892,Oy-Mittelberg-Petersthal,Bayern
3868,1,53.0802,7.3845,Papenburg-Weiﬂenburg,Niedersachsen
3873,4,54.3667,13.0833,Parow,(Flugplatz)
3875,549,49.151,11.6896,Parsberg/Oberpfalz-Eglwang,Bayern
3879,409,48.5779,13.4694,Passau-Oberhaus,Bayern
3897,2,54.0893,10.8773,Pelzerhaken,Schleswig-Holstein
3904,152,49.5354,6.3789,Perl-Nennig,Saarland
3921,396,49.85,7.6,Pferdsfeld,Rheinland-Pfalz
3925,332,48.9329,8.6973,Pforzheim-Ispringen,Baden-W¸rttemberg
3927,630,47.9345,9.2869,Pfullendorf,Baden-W¸rttemberg
3939,385,49.1912,7.5879,Pirmasens,Rheinland-Pfalz
3946,387,50.4818,12.13,Plauen,Sachsen
3975,522,49.4777,11.5357,Pommelsbrunn-Mittelburg,Bayern
3987,81,52.3812,13.0622,Potsdam,Brandenburg
3997,100,51.6667,14.6333,Preschen,(Flugplatz)
4024,40,54.3643,13.4771,Putbus,Mecklenburg-Vorpommern
4026,1,54.5,11.2167,Puttgarden,Schleswig-Holstein
4032,142,51.7953,11.132,Quedlinburg,Sachsen-Anhalt
4036,204,51.3895,11.5412,Querfurt-M¸hle,Lodersleben
4039,11,53.7331,9.8776,Quickborn,Schleswig-Holstein
4063,41,52.4461,8.5906,Rahden-Kleinendorf,Nordrhein-Westfalen
4094,441,47.8062,9.6206,"Weingarten,",Kr.
4104,365,49.0425,12.1019,Regensburg,Bayern
4127,347,50.9906,7.6958,Reichshof-Eckenhagen,Nordrhein-Westfalen
4154,345,51.18,7.2505,Remscheid-Lennep,Nordrhein-Westfalen
4160,478,48.7425,8.924,Renningen-Ihinger,Hof
4169,131,48.6703,7.9939,Rheinau-Memprechtshofen,Baden-W¸rttemberg
4174,40,52.2887,7.3866,Rheine-Bentlage,Nordrhein-Westfalen
4175,283,47.559,7.7721,Rheinfelden,Baden-W¸rttemberg
4177,116,48.9726,8.3301,Rheinstetten,Baden-W¸rttemberg
4189,534,48.1479,9.4596,"Altheim,",Kreis
4190,526,48.1667,9.5,Riedlingen,(A)
4261,442,47.8753,12.128,Rosenheim,Bayern
4271,4,54.1803,12.0808,Rostock-Warnem¸nde,Mecklenburg-Vorpommern
4275,32,53.1288,9.3398,Rotenburg,(W¸mme)
4280,386,49.2162,11.1035,Roth,Bayern
4281,635,50.9304,8.1924,Rothaargebirge,Nordrhein-Westfalen
4287,415,49.3848,10.1732,Rothenburg,ob
4300,589,48.1815,8.6356,Rottweil,Baden-W¸rttemberg
4301,102,49.8502,7.871,"Kreuznach,",Bad
4323,461,49.6468,7.8837,Ruppertsecken,Rheinland-Pfalz
4336,320,49.2128,7.1077,Saarbr¸cken-Ensheim,Saarland
4349,251,48.9569,9.0711,Sachsenheim,Baden-W¸rttemberg
4354,457,48.7832,13.3146,Saldenburg-Entschenreuth,Bayern
4371,135,52.1042,8.7521,"Salzuflen,",Bad
4377,518,50.3518,10.0034,Sandberg,Bayern
4393,5,54.3279,8.6031,Sankt,Peter-Ording
4411,155,49.9195,8.9671,Schaafheim-Schlierbach,Hessen
4425,569,49.4864,7.029,Schaumberg-Tholey,Saarland
4445,609,51.7658,10.6533,Wernigerode-Schierke,Sachsen-Anhalt
4464,501,50.5679,11.8041,Schleiz,Th¸ringen
4466,43,54.5275,9.5487,Schleswig,Schleswig-Holstein
4480,230,50.3447,9.5533,Schl¸chtern-Herolz,Hessen
4485,296,50.725,10.4539,"Schmalkalden,",Kurort
4501,938,50.6545,10.7696,Schm¸cke,Th¸ringen
4508,649,50.2968,6.4194,Schneifelforsthaus,Rheinland-Pfalz
4548,608,50.1847,12.0791,Schˆnwald/Ofr.-Brunn,Bayern
4559,398,49.1644,12.6175,Schorndorf-Knˆbling,Bayern
4560,265,50.4925,9.1226,Schotten,Hessen
4592,356,49.3278,12.0871,Schwandorf,Bayern
4605,277,50.6441,11.1936,Schwarzburg,Th¸ringen
4625,59,53.6424,11.3871,Schwerin,Mecklenburg-Vorpommern
4629,37,54.5166,9.142,Schwesing,Schleswig-Holstein
4642,21,52.8911,11.7297,Seehausen,Sachsen-Anhalt
4651,186,51.904,10.1885,Seesen,Niedersachsen
4665,431,49.5281,7.0417,Selbach,(Tholey)
4692,229,50.8534,7.9966,Siegen,(Kl‰ranlage)
4702,645,48.1,9.25,Sigmaringen,(Flugplatz)
4703,581,48.0719,9.1943,Sigmaringen-Laiz,Baden-W¸rttemberg
4704,508,47.5776,9.7404,Sigmarszell-Zeisertsweiler,Bayern
4706,358,48.2718,13.0273,Simbach/Inn,Bayern
4709,445,49.9996,7.5981,Simmern-Wahlbach,Rheinland-Pfalz
4719,169,49.2447,8.8787,Sinsheim,Baden-W¸rttemberg
4745,75,52.9604,9.793,Soltau,Niedersachsen
4748,221,51.352,10.9059,Sondershausen,Th¸ringen
4752,626,50.3746,11.1828,Sonneberg-Neufang,Th¸ringen
4763,265,51.0607,9.9266,Sontra,Hessen
4813,318,50.0806,11.0466,"Staffelstein,",Bad-Stublang
4841,1,53.6946,8.8735,"Steinau,",Kr.
4857,1,53.5534,9.6097,Mittelnkirchen-Hohenfelde,Niedersachsen
4878,504,51.6646,10.8811,Oberharz,am
4887,734,48.6656,9.8648,Stˆtten,Baden-W¸rttemberg
4896,40,54.6654,9.805,Wagersrott,Schleswig-Holstein
4911,351,48.8275,12.5597,Straubing,Bayern
4926,224,48.7896,9.2167,Stuttgart,(Neckartal)
4927,286,48.7693,9.1814,Stuttgart-Stadt,Baden-W¸rttemberg
4928,314,48.8281,9.2,Stuttgart,(Schnarrenberg)
4931,371,48.6883,9.2235,Stuttgart-Echterdingen,Baden-W¸rttemberg
4950,505,50.6171,10.6587,Suhl,Th¸ringen
4978,395,50.639,10.0228,Tann/Rhˆn,Hessen
4997,196,50.9771,12.3419,Starkenberg-Tegkwitz,Th¸ringen
5009,33,53.7611,12.5574,Teterow,Mecklenburg-Vorpommern
5014,7,53.2758,8.9857,Worpswede-H¸ttenbusch,Niedersachsen
5017,633,50.4002,11.3888,Teuschnitz,Bayern
5029,386,49.4737,7.0385,Tholey,Saarland
5046,501,49.8576,12.3542,Tirschenreuth-Loderm¸hl,Bayern
5063,724,47.7566,11.5819,"Tˆlz,",Bad
5064,37,51.2897,6.4437,Tˆnisvorst,Nordrhein-Westfalen
5097,10,54.0661,12.7675,Tribsees,Mecklenburg-Vorpommern
5099,132,49.7326,6.6131,Trier-Zewen,Rheinland-Pfalz
5100,265,49.7479,6.6583,Trier-Petrisberg,Rheinland-Pfalz
5109,69,53.5998,13.3039,Trollenhagen,Mecklenburg-Vorpommern
5111,560,48.0311,12.5396,Trostberg,Bayern
5120,370,48.5198,9.0515,T¸bingen,Baden-W¸rttemberg
5133,295,51.3344,8.9132,Twistetal-M¸hlhausen,Hessen
5142,1,53.7445,14.0698,Ueckerm¸nde,Mecklenburg-Vorpommern
5146,50,52.9414,10.5289,Uelzen,Niedersachsen
5149,306,49.5741,10.1915,Gollhofen,Bayern
5155,567,48.3837,9.9524,Ulm,Baden-W¸rttemberg
5158,159,52.1601,11.1759,Ummendorf,Sachsen-Anhalt
5229,719,48.0453,8.4608,Villingen-Schwenningen,Baden-W¸rttemberg
5275,105,49.2445,8.5374,Wagh‰usel-Kirrlach,Baden-W¸rttemberg
5277,349,50.8119,9.128,Wahlen,Hessen
5279,176,51.6194,9.5749,Wesertal-Lippoldsberg,Hessen
5280,35,53.9224,10.2267,Wittenborn,Schleswig-Holstein
5300,380,50.2596,8.3607,Waldems-Reinborn,Hessen
5335,352,50.8963,10.5483,Waltershausen,Th¸ringen
5347,236,51.5039,9.1118,Warburg,Nordrhein-Westfalen
5349,73,53.5196,12.6654,Waren,(M¸ritz)
5371,920,50.4973,9.9427,Wasserkuppe,Hessen
5397,440,49.6662,12.1844,Weiden,Bayern
5404,477,48.4024,11.6946,Weihenstephan-D¸rnast,Bayern
5419,264,50.9751,11.3076,Weimar,Th¸ringen
5424,328,51.0177,11.3544,Weimar-Schˆndorf,Th¸ringen
5426,553,49.3758,8.1212,Weinbiet,Rheinland-Pfalz
5433,380,49.5534,6.812,Weiskirchen/Saar,Saarland
5440,439,49.0115,10.9308,Weiﬂenburg-Emetzheim,Bayern
5467,1832,47.7035,12.0119,Wendelstein,Bayern
5480,85,51.5763,7.8879,Werl,Nordrhein-Westfalen
5490,233,51.8454,10.7686,Wernigerode,Sachsen-Anhalt
5516,3,54.5283,11.0606,Fehmarn,Schleswig-Holstein
5538,551,47.8827,11.1576,Wielenbach,(Demollstr.)
5541,263,50.1321,8.3169,Wiesbaden-Auringen,Hessen
5546,187,52.1206,12.4586,Wiesenburg,Brandenburg
5562,571,48.6516,8.6801,Neubulach-Oberhaugstett,Baden-W¸rttemberg
5564,88,51.1167,6.2167,Wildenrath,Nordrhein-Westfalen
5629,105,51.8891,12.6446,Wittenberg,Sachsen-Anhalt
5640,10,53.5503,7.6672,Wittmundhafen,Niedersachsen
5642,72,53.1833,12.5167,Wittstock,Brandenburg
5643,68,53.1864,12.4949,Wittstock-Rote,M¸hle
5663,118,53.4618,13.6099,Woldegk,Mecklenburg-Vorpommern
5664,296,48.2953,8.2391,Wolfach,Baden-W¸rttemberg
5676,82,52.3962,10.6892,Wolfsburg,(S¸dwest)
5688,880,47.7003,8.1057,Dachsberg-Wolpadingen,Baden-W¸rttemberg
5692,88,49.6051,8.3659,Worms,Rheinland-Pfalz
5697,10,52.6167,14.2333,Wriezen,Brandenburg
5705,268,49.7704,9.9576,W¸rzburg,Bayern
5715,49,52.4626,9.4245,Wunstorf,Niedersachsen
5717,134,51.2256,7.1052,Wuppertal-Buchenhofen,Nordrhein-Westfalen
5719,235,51.2051,7.2,Remscheid,Nordrhein-Westfalen
5731,395,47.6783,8.3801,Wutˆschingen-Ofteringen,Baden-W¸rttemberg
5745,51,52.9663,13.3268,Zehdenick,Brandenburg
5750,264,51.0314,12.1495,Zeitz,Sachsen-Anhalt
5779,877,50.7313,13.7516,Zinnwald-Georgenfeld,Sachsen
5792,2965,47.421,10.9848,Zugspitze,Bayern
5797,349,50.6879,12.4329,Lichtentanne,Sachsen
5800,615,49.028,13.2385,Zwiesel,Bayern
5822,40,52.863,8.6988,Bassum,Niedersachsen
5825,40,52.6198,12.7867,Berge,Brandenburg
5839,0,53.3881,7.2287,Emden,Niedersachsen
5856,476,48.5451,13.3532,F¸rstenzell,Bayern
5871,497,49.9463,7.2645,Hahn,Rheinland-Pfalz
5906,98,49.5063,8.5584,Mannheim,Baden-W¸rttemberg
5930,1,54.641,10.0238,Schˆnhagen,(Ostseebad)
5941,686,47.6754,12.4698,Reit,im
6093,62,53.2139,10.4704,Wendisch,Evern
6105,14,54.3194,9.8051,Ostenfeld,(Rendsburg)
6109,51,53.3837,14.3727,Grambow-Schwennenz,Mecklenburg-Vorpommern
6123,53,54.1833,7.8833,Helgoland,(Flugplatz)
6124,14,53.8,7.9,Wangerooge,(A)
6129,291,51.0593,14.4266,Sohland/Spree,Sachsen
6157,8,53.641,8.0808,Wangerland-Hooksiel,Niedersachsen
6158,454,49.2249,10.6085,Weidenbach-Weiherschneidbach,Bayern
6159,8,52.9542,7.3196,Dˆrpen,Niedersachsen
6163,27,54.1654,10.3519,Dˆrnick,Schleswig-Holstein
6170,39,52.0192,14.7254,Coschen,Brandenburg
6182,404,48.7757,12.1743,Mallersdorf-Pfaffenberg,Bayern
6184,6,53.5333,8.1667,Wilhelmshaven,(Flugplatz)
6186,268,50.1989,7.8651,Nast‰tten,Rheinland-Pfalz
6189,34,53.1333,9.35,Rotenburg,(W¸mme)
6197,258,51.8664,9.271,L¸gde-Paenbruch,Nordrhein-Westfalen
6199,17,54.2484,13.0418,Steinhagen-Negast,Mecklenburg-Vorpommern
6217,190,49.2406,6.9351,Saarbr¸cken-Burbach,Saarland
6242,64,50.4088,7.489,M¸lheim-K‰rlich,Rheinland-Pfalz
6243,96,49.2506,8.4422,Philippsburg,KKW
6244,145,49.365,9.0804,Obrigheim,Baden-W¸rttemberg
6245,180,49.0423,9.1733,Neckarwestheim,KKW
6246,368,47.6213,8.2167,Waldshut,KKW
6247,307,47.6078,8.1813,Dogern,(Leibstadt)
6249,350,50.3485,11.0313,Rˆdental-Schˆnst‰dt,(Speicher)
6254,19,53.5408,9.9528,Hamburg-Lotsenhˆft,Hamburg
6255,351,49.4667,6.3968,Perl/Saar,Saarland
6256,201,47.91,7.5838,Bremgarten,(Fessenheim)
6258,461,47.6845,9.4409,Friedrichshafen-Unterraderach,Baden-W¸rttemberg
6259,524,49.021,9.6033,Groﬂerlach-Mannenweiler,Baden-W¸rttemberg
6260,385,49.3328,9.704,Ingelfingen-Stachenhausen,Baden-W¸rttemberg
6262,412,48.7695,9.8737,Schw‰bisch,Gm¸nd-Weiler
6263,445,47.7738,8.8219,Singen,Baden-W¸rttemberg
6264,457,51.414,8.65,Brilon-Th¸len,Nordrhein-Westfalen
6265,36,52.3613,12.3867,Wusterwitz,Brandenburg
6266,112,52.0304,10.9626,Huy-Pabstorf,Sachsen-Anhalt
6272,283,50.8426,10.2518,Moorgrund,Gr‰fen-Nitzendorf
6273,36,52.5075,11.8551,Demker,Sachsen-Anhalt
6275,325,48.6705,9.4627,Notzingen,Baden-W¸rttemberg
6292,5,54.6833,6.7833,Nordseeboje,3
6305,193,51.2061,10.4978,M¸hlhausen/Th¸ringen-Gˆrmar,Th¸ringen
6310,1,54.1049,13.8239,Karlshagen,Mecklenburg-Vorpommern
6312,362,49.5314,10.6418,Markt,Erlbach-Mosbach
6314,306,51.0507,13.3003,Nossen,Sachsen
6320,560,50.2272,6.7524,Kirchweiler,Rheinland-Pfalz
6329,128,49.8559,7.9806,Sprendlingen,Rheinland-Pfalz
6333,650,49.7286,7.1289,H¸ttgeswasen,Rheinland-Pfalz
6336,288,50.0132,9.654,Lohr/Main-Halsbach,Bayern
6337,59,51.7663,7.5194,L¸dinghausen-Brochtrup,Nordrhein-Westfalen
6344,168,50.394,8.1423,Runkel-Ennerich,Hessen
6346,531,48.207,11.2035,Maisach-Galgen,Bayern
6347,305,50.0579,10.2972,Schonungen-Mainberg,Bayern
7075,429,48.702,11.8493,Elsendorf-Horneck,Bayern
7099,187,52.0111,10.3966,Liebenburg-Othfresen,Niedersachsen
7105,719,47.835,12.6548,Siegsdorf-Hˆll,Bayern
7106,105,52.0714,8.4565,Bielefeld-Deppendorf,Nordrhein-Westfalen
7187,194,49.7636,9.4063,Freudenberg/Main-Boxtal,Baden-W¸rttemberg
7244,62,53.1424,13.0319,Neuglobsow,(HM)
7298,5,54.5268,9.0425,Hattstedt,Schleswig-Holstein
7319,435,48.7374,10.7393,Donauwˆrth-Osterweiler,Bayern
7321,160,51.1507,11.3321,Olbersleben,Th¸ringen
7325,2650,47.4167,10.9794,Schneefernerhaus,Bayern
7329,465,50.5467,12.2863,Treuen,Sachsen
7330,159,51.4633,7.978,Arnsberg-Neheim,Nordrhein-Westfalen
7331,467,48.6099,10.2674,Hermaringen-Allewind,Baden-W¸rttemberg
7340,84,50.3713,7.5791,Koblenz,(Falckensteinkaserne)
7341,119,50.09,8.7862,Offenbach-Wetterpark,Hessen
7343,689,50.62,13.4817,Deutschneudorf-Br¸derwiese,Sachsen
7350,585,49.1088,12.8231,Prackenbach-Neuh‰usl,Bayern
7351,116,53.3176,13.4175,Feldberg/Mecklenburg,Mecklenburg-Vorpommern
7364,74,51.6818,12.3053,Jeﬂnitz,Sachsen-Anhalt
7367,144,51.9643,9.8072,Alfeld,Niedersachsen
7368,312,51.0007,10.3621,Eisenach,Th¸ringen
7369,475,49.1623,10.3661,Feuchtwangen-Heilbronn,Bayern
7370,499,49.391,12.6838,Waldm¸nchen,Bayern
7373,3,53.5984,6.7024,Borkum-Flugplatz,Niedersachsen
7374,46,52.0813,6.9409,Ahaus,Nordrhein-Westfalen
7389,82,52.7461,13.8427,Heckelberg,Brandenburg
7393,116,51.4492,14.2533,Hoyerswerda,Sachsen
7394,622,50.0315,11.9745,Wunsiedel-Schˆnbrunn,Bayern
7395,351,48.6595,12.5388,Gottfrieding,Bayern
7396,740,50.5084,9.2246,Hoherodskopf/Vogelsberg,Hessen
7403,672,47.7955,10.0325,Leutkirch-Herlazhofen,Baden-W¸rttemberg
7410,350,50.7513,9.0224,Neu-Ulrichstein,Hessen
7412,340,50.0083,9.4238,Neuh¸tten/Spessart,Bayern
7419,389,50.661,12.0756,Langenwetzendorf-Gˆttendorf,Th¸ringen
7420,246,51.1044,11.7112,Naumburg/Saale-Kreipitzsch,Sachsen-Anhalt
7424,457,47.7724,12.9073,Piding,Bayern
7427,17,54.0188,9.9255,Padenstedt,(Pony-Park)
7428,397,50.4167,10.8156,Veilsdorf,Th¸ringen
7431,604,48.013,11.5524,Oberhaching-Laufzorn,Bayern
7432,72,52.6423,10.6627,Wittingen-Vorhop,Niedersachsen
13670,24,51.5088,6.7018,Duisburg-Baerl,Nordrhein-Westfalen
13674,237,49.2943,8.9053,Waibstadt,Baden-W¸rttemberg
13675,77,52.0818,9.4077,Hameln-Hastenbeck,Niedersachsen
13696,60,51.5966,7.4048,Waltrop-Abdinghof,Nordrhein-Westfalen
13700,203,51.3329,7.3412,Gevelsberg-Oberbrˆking,Nordrhein-Westfalen
13710,490,48.5734,12.2576,Landshut-Reithof,Bayern
13711,289,50.682,11.515,Krˆlpa-Rockendorf,Th¸ringen
13713,386,51.0899,7.6289,Meinerzhagen-Redlendorf,Nordrhein-Westfalen
13776,85,52.1789,9.9524,Hildesheim-Drispenstedt,Niedersachsen
13777,110,52.2467,10.9592,Helmstedt-Emmerstedt,Niedersachsen
13903,15,54.0167,8.3167,Bake,Zulu
13904,3,55,6.3333,Nordseeboje,2
13965,619,48.2639,8.8134,Balingen-Bronnhaupten,Baden-W¸rttemberg
14006,145,49.3683,8.1854,Muﬂbach,(Neustadt)
14007,164,49.9596,8.236,Mainz-Marienborn,Rheinland-Pfalz
14008,245,49.8228,8.1044,Rommersheim,(Eichenhof)
14009,110,49.401,8.3478,Schifferstadt,Rheinland-Pfalz
14010,274,50.5582,7.0317,Esch/Swistbach,Rheinland-Pfalz
14011,309,50.4528,7.6528,Grenzau,Rheinland-Pfalz
14013,128,49.8464,8.346,Oppenheim/,Rhein
14014,214,49.7271,8.1168,Kettenheim,(Eichhof)
14015,388,50.1587,7.4972,Gondershausen,Rheinland-Pfalz
14016,98,49.5871,8.3414,Kleinniedesheim,Rheinland-Pfalz
14017,127,49.1581,8.2536,Herxheimweyher,Rheinland-Pfalz
14018,180,49.5189,8.1875,Dackenheim/Pfalz,Rheinland-Pfalz
14019,115,49.2449,8.2912,Lustadt,Rheinland-Pfalz
14020,195,50.2558,7.3535,"M¸nstermaifeld,",Kr.
14021,209,49.827,8.332,Dienheim,Rheinland-Pfalz
14022,461,49.6353,7.2105,Dienstweiler,Rheinland-Pfalz
14023,476,50.1419,6.3126,Strickscheid,Rheinland-Pfalz
14024,197,49.9678,6.8593,"Wittlich,",Kreisstadt
14025,526,50.2596,6.802,Dreis-Br¸ck,Rheinland-Pfalz
14026,296,50.7316,7.7003,Isert,Rheinland-Pfalz
14027,372,50.2643,8.0072,Berghausen,Rheinland-Pfalz
14028,411,49.3684,7.4688,Martinshˆhe,Rheinland-Pfalz
14030,307,49.4716,7.762,Morlautern,Rheinland-Pfalz
14031,369,49.5725,6.4647,Merzkirchen,Rheinland-Pfalz
14032,78,50.4468,7.5357,Heimbach-Weis/Rhein,Rheinland-Pfalz
14033,248,49.7542,6.6932,Avelsbach,Rheinland-Pfalz
14034,143,49.8004,6.7833,Riol,Rheinland-Pfalz
14035,194,49.6334,8.0278,Weierhof,Rheinland-Pfalz
14036,529,50.0708,6.6242,Steinborn,Rheinland-Pfalz
14037,325,50.0066,6.4587,Wiersdorf/Stausee,Bitburg
14038,169,49.7756,7.6128,Meddersheim,Rheinland-Pfalz
14042,150,50.5849,7.1455,Leimersdorf-Nierendorf,Rheinland-Pfalz
14043,155,50.3837,7.5325,"M¸lheim-K‰rlich,",Kr.
14044,219,49.9747,8.0986,Ingelheim/Rhein,Rheinland-Pfalz
14045,88,50.0069,8.0916,Heidenfahrt,Rheinland-Pfalz
14046,116,49.9512,8.0074,Gau-Algesheim,Rheinland-Pfalz
14052,192,49.2165,8.0479,Siebeldingen,Rheinland-Pfalz
14063,88,49.9566,7.9642,Bingen-Gaulsheim,Rheinland-Pfalz
14065,115,49.6057,8.2531,Offstein,Rheinland-Pfalz
14071,180,49.6384,7.5749,Wiesweiler,Rheinland-Pfalz
14072,133,50.0902,7.1401,Neef,Rheinland-Pfalz
14081,136,50.2286,7.4137,Hatzenport,Rheinland-Pfalz
14093,211,49.9719,8.186,Drais-Finthen,Rheinland-Pfalz
14108,95,49.7473,8.384,Eich/Rheinhessen,Rheinland-Pfalz
14109,290,49.9357,6.2523,Kˆrperich-Gaytalpark,Rheinland-Pfalz
14138,73,52.1655,14.1224,Falkenberg,(Grenzschichtmessfeld)
14139,610,49.8967,7.5869,Entenpfuhl,Rheinland-Pfalz
15000,231,50.7983,6.0244,Aachen-Orsbach,Nordrhein-Westfalen
15161,286,50.5802,7.69,Maroth,Rheinland-Pfalz
15187,606,49.2703,7.8264,Hortenkopf,Rheinland-Pfalz
15207,317,51.2835,9.359,Schauenburg-Elgershausen,Hessen
15249,560,50.6936,8.0884,Liebenscheid,Rheinland-Pfalz
15444,593,48.4418,9.9216,Ulm-M‰hringen,Baden-W¸rttemberg
15555,815,47.8761,10.5849,Kaufbeuren-Oberbeuren,Bayern
15561,247,49.7461,7.3919,Fischbach/Nahe,Rheinland-Pfalz
15569,155,49.8073,7.9546,Wˆllstein,Rheinland-Pfalz
15813,40,52.5126,7.4131,Lingen-Baccum,Niedersachsen
15958,287,50.3996,7.2651,Glees/Laacher,See
16112,23,53.8683,13.2686,Heydenhof,Mecklenburg-Vorpommern
19100,97,50.4563,7.4962,Neuwied-Torney,Rheinland-Pfalz
19128,506,47.98,12.5479,Traunreut-Stein,Bayern
19171,13,54.0038,9.8553,Hasenkrug-Hardebek,Schleswig-Holstein
19172,48,54.0246,9.388,Wacken,Schleswig-Holstein
19225,560,50.5352,10.0966,Fladungen-Leubach,Bayern
19271,280,50.2996,9.7436,"Br¸ckenau,",Bad-Staatsbad
19274,610,47.8529,11.4999,Geretsried/Isar,Bayern
19275,455,50.3636,11.4917,Kronach-Mauthaus,(Talsperre)
19277,785,47.6474,10.8198,Halblech-Trauchgau/Ostallg‰u,Bayern
19303,200,49.9224,8.0183,Appenheim,Rheinland-Pfalz
19304,123,49.9152,7.9555,Dromersheim,Rheinland-Pfalz
